<EIFFEL_CLASS_DIAGRAM><VIEW IS_UML="False" NAME="DEFAULT:BON"><ANCESTOR_DEPTH>1</ANCESTOR_DEPTH><DESCENDANT_DEPTH>1</DESCENDANT_DEPTH><CLIENT_DEPTH>0</CLIENT_DEPTH><SUPPLIER_DEPTH>0</SUPPLIER_DEPTH><ALL_CLASSES_IN_CLUSTER>False</ALL_CLASSES_IN_CLUSTER><ONLY_CLASSES_IN_CLUSTER>False</ONLY_CLASSES_IN_CLUSTER><CENTER_CLASS_NAME>APPLICATION</CENTER_CLASS_NAME><CENTER_CLASS_GROUP_ID>13DE6F29-98FC-4D49-B91B-CB002C9E5D17@project@project</CENTER_CLASS_GROUP_ID><INHERITANCE_LINKS_DISPLAYED>True</INHERITANCE_LINKS_DISPLAYED><CLIENT_LINKS_DISPLAYED>True</CLIENT_LINKS_DISPLAYED><LABELS_SHOWN>True</LABELS_SHOWN><CLUSTER_SHOWN>True</CLUSTER_SHOWN><HIGH_QUALITY>True</HIGH_QUALITY><LEGEND_SHOWN>False</LEGEND_SHOWN><LEGEND_X_POS>0</LEGEND_X_POS><LEGEND_Y_POS>0</LEGEND_Y_POS><IS_RIGHT_ANGLES>False</IS_RIGHT_ANGLES><SCALE_FACTOR>1.0808362035418493</SCALE_FACTOR><ROOT_ELEMENTS><BON_CLASS_FIGURE CLUSTER_NAME="project" GROUP_ID="13DE6F29-98FC-4D49-B91B-CB002C9E5D17@project@project" CLASS_FIGURE_ID="35438764-193F-490F-8822-B36C90C7F51B" NAME="BACKGROUND"><IS_SELECTED>False</IS_SELECTED><IS_LABEL_SHOWN>True</IS_LABEL_SHOWN><IS_FIXED>False</IS_FIXED><PORT_X>120</PORT_X><PORT_Y>160</PORT_Y><IS_DEFAULT_BG_COLOR_USED>True</IS_DEFAULT_BG_COLOR_USED><IS_NEEDED_ON_DIAGRAM>True</IS_NEEDED_ON_DIAGRAM></BON_CLASS_FIGURE><BON_CLASS_FIGURE CLUSTER_NAME="project" GROUP_ID="13DE6F29-98FC-4D49-B91B-CB002C9E5D17@project@project" CLASS_FIGURE_ID="0400B62B-CF00-4B5F-A943-78177C4B3A77" NAME="BLOC"><IS_SELECTED>False</IS_SELECTED><IS_LABEL_SHOWN>True</IS_LABEL_SHOWN><IS_FIXED>False</IS_FIXED><PORT_X>687</PORT_X><PORT_Y>123</PORT_Y><IS_DEFAULT_BG_COLOR_USED>True</IS_DEFAULT_BG_COLOR_USED><IS_NEEDED_ON_DIAGRAM>True</IS_NEEDED_ON_DIAGRAM></BON_CLASS_FIGURE><BON_CLASS_FIGURE CLUSTER_NAME="project" GROUP_ID="13DE6F29-98FC-4D49-B91B-CB002C9E5D17@project@project" CLASS_FIGURE_ID="F96BAC1C-4847-4286-911E-029F79DDB8E5" NAME="CONVERSATION"><IS_SELECTED>False</IS_SELECTED><IS_LABEL_SHOWN>True</IS_LABEL_SHOWN><IS_FIXED>False</IS_FIXED><PORT_X>49</PORT_X><PORT_Y>58</PORT_Y><IS_DEFAULT_BG_COLOR_USED>True</IS_DEFAULT_BG_COLOR_USED><IS_NEEDED_ON_DIAGRAM>True</IS_NEEDED_ON_DIAGRAM></BON_CLASS_FIGURE><BON_CLASS_FIGURE CLUSTER_NAME="project" GROUP_ID="13DE6F29-98FC-4D49-B91B-CB002C9E5D17@project@project" CLASS_FIGURE_ID="498DA196-AFB5-4957-AA37-8A9EB9DE7AC7" NAME="ESPACE_JEUX"><IS_SELECTED>False</IS_SELECTED><IS_LABEL_SHOWN>True</IS_LABEL_SHOWN><IS_FIXED>False</IS_FIXED><PORT_X>363</PORT_X><PORT_Y>166</PORT_Y><IS_DEFAULT_BG_COLOR_USED>True</IS_DEFAULT_BG_COLOR_USED><IS_NEEDED_ON_DIAGRAM>True</IS_NEEDED_ON_DIAGRAM></BON_CLASS_FIGURE><BON_CLASS_FIGURE CLUSTER_NAME="project" GROUP_ID="13DE6F29-98FC-4D49-B91B-CB002C9E5D17@project@project" CLASS_FIGURE_ID="EE5CF781-F8EF-48B7-9182-5374802391CE" NAME="IMAGE"><IS_SELECTED>False</IS_SELECTED><IS_LABEL_SHOWN>True</IS_LABEL_SHOWN><IS_FIXED>False</IS_FIXED><PORT_X>320</PORT_X><PORT_Y>26</PORT_Y><IS_DEFAULT_BG_COLOR_USED>True</IS_DEFAULT_BG_COLOR_USED><IS_NEEDED_ON_DIAGRAM>True</IS_NEEDED_ON_DIAGRAM></BON_CLASS_FIGURE><BON_CLASS_FIGURE CLUSTER_NAME="project" GROUP_ID="13DE6F29-98FC-4D49-B91B-CB002C9E5D17@project@project" CLASS_FIGURE_ID="2A07BB7A-AC6A-42D7-A70E-AB95AD324CB3" NAME="TETRAMINO"><IS_SELECTED>False</IS_SELECTED><IS_LABEL_SHOWN>True</IS_LABEL_SHOWN><IS_FIXED>False</IS_FIXED><PORT_X>493</PORT_X><PORT_Y>36</PORT_Y><IS_DEFAULT_BG_COLOR_USED>True</IS_DEFAULT_BG_COLOR_USED><IS_NEEDED_ON_DIAGRAM>True</IS_NEEDED_ON_DIAGRAM></BON_CLASS_FIGURE><BON_CLASS_FIGURE CLUSTER_NAME="project" GROUP_ID="13DE6F29-98FC-4D49-B91B-CB002C9E5D17@project@project" CLASS_FIGURE_ID="25BA7F7F-DE6F-4EA9-B561-729C0B092700" NAME="APPLICATION"><IS_SELECTED>False</IS_SELECTED><IS_LABEL_SHOWN>True</IS_LABEL_SHOWN><IS_FIXED>True</IS_FIXED><PORT_X>0</PORT_X><PORT_Y>0</PORT_Y><IS_DEFAULT_BG_COLOR_USED>True</IS_DEFAULT_BG_COLOR_USED><IS_NEEDED_ON_DIAGRAM>True</IS_NEEDED_ON_DIAGRAM></BON_CLASS_FIGURE><BON_CLIENT_SUPPLIER_FIGURE TARGET="0400B62B-CF00-4B5F-A943-78177C4B3A77" SOURCE="498DA196-AFB5-4957-AA37-8A9EB9DE7AC7"><IS_SELECTED>False</IS_SELECTED><IS_LABEL_SHOWN>True</IS_LABEL_SHOWN><IS_DIRECTED>True</IS_DIRECTED><EDGES></EDGES><LINE_WIDTH>5</LINE_WIDTH><LINE_COLOR>69;166;11</LINE_COLOR><IS_LABEL_EXPANDED>False</IS_LABEL_EXPANDED><IS_NEEDED_ON_DIAGRAM>True</IS_NEEDED_ON_DIAGRAM><REAL_LINE_WIDTH>540</REAL_LINE_WIDTH><LABEL_POSITION>42</LABEL_POSITION><LABEL_START_NB>0</LABEL_START_NB><LABEL_END_NB>1</LABEL_END_NB><IS_LEFT>False</IS_LEFT></BON_CLIENT_SUPPLIER_FIGURE><BON_INHERITANCE_FIGURE TARGET="EE5CF781-F8EF-48B7-9182-5374802391CE" SOURCE="F96BAC1C-4847-4286-911E-029F79DDB8E5"><IS_SELECTED>False</IS_SELECTED><IS_LABEL_SHOWN>False</IS_LABEL_SHOWN><IS_DIRECTED>True</IS_DIRECTED><EDGES></EDGES><LINE_WIDTH>2</LINE_WIDTH><LINE_COLOR>230;0;0</LINE_COLOR><IS_NEEDED_ON_DIAGRAM>True</IS_NEEDED_ON_DIAGRAM><REAL_LINE_WIDTH>216</REAL_LINE_WIDTH></BON_INHERITANCE_FIGURE><BON_INHERITANCE_FIGURE TARGET="EE5CF781-F8EF-48B7-9182-5374802391CE" SOURCE="0400B62B-CF00-4B5F-A943-78177C4B3A77"><IS_SELECTED>False</IS_SELECTED><IS_LABEL_SHOWN>False</IS_LABEL_SHOWN><IS_DIRECTED>True</IS_DIRECTED><EDGES></EDGES><LINE_WIDTH>2</LINE_WIDTH><LINE_COLOR>230;0;0</LINE_COLOR><IS_NEEDED_ON_DIAGRAM>True</IS_NEEDED_ON_DIAGRAM><REAL_LINE_WIDTH>216</REAL_LINE_WIDTH></BON_INHERITANCE_FIGURE><BON_INHERITANCE_FIGURE TARGET="EE5CF781-F8EF-48B7-9182-5374802391CE" SOURCE="498DA196-AFB5-4957-AA37-8A9EB9DE7AC7"><IS_SELECTED>False</IS_SELECTED><IS_LABEL_SHOWN>False</IS_LABEL_SHOWN><IS_DIRECTED>True</IS_DIRECTED><EDGES></EDGES><LINE_WIDTH>2</LINE_WIDTH><LINE_COLOR>230;0;0</LINE_COLOR><IS_NEEDED_ON_DIAGRAM>True</IS_NEEDED_ON_DIAGRAM><REAL_LINE_WIDTH>216</REAL_LINE_WIDTH></BON_INHERITANCE_FIGURE><BON_INHERITANCE_FIGURE TARGET="EE5CF781-F8EF-48B7-9182-5374802391CE" SOURCE="35438764-193F-490F-8822-B36C90C7F51B"><IS_SELECTED>False</IS_SELECTED><IS_LABEL_SHOWN>False</IS_LABEL_SHOWN><IS_DIRECTED>True</IS_DIRECTED><EDGES></EDGES><LINE_WIDTH>2</LINE_WIDTH><LINE_COLOR>230;0;0</LINE_COLOR><IS_NEEDED_ON_DIAGRAM>True</IS_NEEDED_ON_DIAGRAM><REAL_LINE_WIDTH>216</REAL_LINE_WIDTH></BON_INHERITANCE_FIGURE><BON_INHERITANCE_FIGURE TARGET="0400B62B-CF00-4B5F-A943-78177C4B3A77" SOURCE="2A07BB7A-AC6A-42D7-A70E-AB95AD324CB3"><IS_SELECTED>False</IS_SELECTED><IS_LABEL_SHOWN>False</IS_LABEL_SHOWN><IS_DIRECTED>True</IS_DIRECTED><EDGES></EDGES><LINE_WIDTH>2</LINE_WIDTH><LINE_COLOR>230;0;0</LINE_COLOR><IS_NEEDED_ON_DIAGRAM>True</IS_NEEDED_ON_DIAGRAM><REAL_LINE_WIDTH>216</REAL_LINE_WIDTH></BON_INHERITANCE_FIGURE></ROOT_ELEMENTS></VIEW><VIEW IS_UML="True" NAME="DEFAULT:UML"><ANCESTOR_DEPTH>1</ANCESTOR_DEPTH><DESCENDANT_DEPTH>1</DESCENDANT_DEPTH><CLIENT_DEPTH>0</CLIENT_DEPTH><SUPPLIER_DEPTH>0</SUPPLIER_DEPTH><ALL_CLASSES_IN_CLUSTER>False</ALL_CLASSES_IN_CLUSTER><ONLY_CLASSES_IN_CLUSTER>False</ONLY_CLASSES_IN_CLUSTER><CENTER_CLASS_NAME>APPLICATION</CENTER_CLASS_NAME><CENTER_CLASS_GROUP_ID>13DE6F29-98FC-4D49-B91B-CB002C9E5D17@project@project</CENTER_CLASS_GROUP_ID><INHERITANCE_LINKS_DISPLAYED>True</INHERITANCE_LINKS_DISPLAYED><CLIENT_LINKS_DISPLAYED>False</CLIENT_LINKS_DISPLAYED><LABELS_SHOWN>True</LABELS_SHOWN><CLUSTER_SHOWN>True</CLUSTER_SHOWN><HIGH_QUALITY>True</HIGH_QUALITY><LEGEND_SHOWN>False</LEGEND_SHOWN><LEGEND_X_POS>0</LEGEND_X_POS><LEGEND_Y_POS>0</LEGEND_Y_POS><IS_RIGHT_ANGLES>True</IS_RIGHT_ANGLES><SCALE_FACTOR>1</SCALE_FACTOR><ROOT_ELEMENTS><UML_CLASS_FIGURE CLUSTER_NAME="project" GROUP_ID="13DE6F29-98FC-4D49-B91B-CB002C9E5D17@project@project" CLASS_FIGURE_ID="B3851A1A-C09E-4573-815D-AACDB928F61E" NAME="APPLICATION"><IS_SELECTED>False</IS_SELECTED><IS_LABEL_SHOWN>True</IS_LABEL_SHOWN><IS_FIXED>False</IS_FIXED><PORT_X>154</PORT_X><PORT_Y>388</PORT_Y><IS_NEEDED_ON_DIAGRAM>False</IS_NEEDED_ON_DIAGRAM><QUERIES_SECTIONS></QUERIES_SECTIONS><COMMANDS_SECTIONS></COMMANDS_SECTIONS></UML_CLASS_FIGURE><UML_CLASS_FIGURE CLUSTER_NAME="project" GROUP_ID="13DE6F29-98FC-4D49-B91B-CB002C9E5D17@project@project" CLASS_FIGURE_ID="2F0266A5-F7B1-4CC6-993F-8507993335FD" NAME="WRAPPER"><IS_SELECTED>False</IS_SELECTED><IS_LABEL_SHOWN>True</IS_LABEL_SHOWN><IS_FIXED>False</IS_FIXED><PORT_X>150</PORT_X><PORT_Y>150</PORT_Y><IS_NEEDED_ON_DIAGRAM>False</IS_NEEDED_ON_DIAGRAM><QUERIES_SECTIONS></QUERIES_SECTIONS><COMMANDS_SECTIONS></COMMANDS_SECTIONS></UML_CLASS_FIGURE><UML_INHERITANCE_FIGURE TARGET="2F0266A5-F7B1-4CC6-993F-8507993335FD" SOURCE="B3851A1A-C09E-4573-815D-AACDB928F61E"><IS_SELECTED>False</IS_SELECTED><IS_LABEL_SHOWN>False</IS_LABEL_SHOWN><IS_DIRECTED>True</IS_DIRECTED><EDGES><EDGE><X_POS>154</X_POS><Y_POS>269</Y_POS></EDGE><EDGE><X_POS>150</X_POS><Y_POS>269</Y_POS></EDGE></EDGES><LINE_WIDTH>1</LINE_WIDTH><LINE_COLOR>0;0;0</LINE_COLOR><IS_NEEDED_ON_DIAGRAM>False</IS_NEEDED_ON_DIAGRAM><REAL_LINE_WIDTH>100</REAL_LINE_WIDTH></UML_INHERITANCE_FIGURE></ROOT_ELEMENTS></VIEW></EIFFEL_CLASS_DIAGRAM>